cash,positions_json
21.371691623452534,"{""MDY"": 16.51582269038558}"
